author,content,created_at,postLink
ec.europa.eu,"ğŸ¾Roland Garros Stadium, 
ğŸ‘ Yves du Manoir hockey stadium, 
ğŸ“South Paris Arena for table tennis or 
ğŸ‡ªğŸ‡º Grand opening ceremony 
 
Did you spot the EU flag at any of these iconic locations during the #Paris2024 Olympics and Paralympics?",2024-09-08T07:44:37.485Z,https://bsky.app/profile/ec.europa.eu/post/3l3mvbxwiha2s
buffa-channel.bsky.social,"ç”·å­ã‚·ãƒ³ã‚°ãƒ«ã‚¹å°ç”°å‡±äººãŒé‡‘ãƒ¡ãƒ€ãƒ«ã€Œã‹ã£ã“ã‚ˆã™ãã‚‹ä¿ºã€ã“ã®ãŸã‚ã«ç”Ÿã¾ã‚Œã¦ããŸã€ã€ãƒ‘ãƒ©è»Šã„ã™ãƒ†ãƒ‹ã‚¹ã€‘
buffa-channel.com/archives/207...

#è»Šã„ã™ãƒ†ãƒ‹ã‚¹ #Tennis #äº”è¼ª #Olympics #ãƒ‘ãƒ©ãƒªãƒ³ãƒ”ãƒƒã‚¯2024",2024-09-08T03:47:11.309Z,https://bsky.app/profile/buffa-channel.bsky.social/post/3l3mhziu6of24
news-feed.bsky.social,"@globaltimesnews: ""I'm proud of myself,"" Chinese tennis player #ZhangShuai posted on Weibo after winning the runner-up position in the 2024 #USOpen women's doubles. ""Defeating champions from this year's previous grand slams, as well as the 2024 Paris Olympics mixed doubles champions, to reach the fi",2024-09-08T01:40:40.487Z,https://bsky.app/profile/news-feed.bsky.social/post/3l3max7jx5d2f
katie.bzky.team,something i didn't fully appreciate in challengers (2024) until watching the tennis olympics events is that the movie didn't exaggerate the sound effects for the sake of homoeroticism because tennis players really do just sound like they're having gay sex the entire match,2024-09-03T16:52:30.169Z,https://bsky.app/profile/katie.bzky.team/post/3l3bbl3njil25
news-feed.bsky.social,"@ChinaDaily: Sixty-five athletes and eight coaches from the national team, which achieved outstanding results at the 2024 Paris #Olympics, will be in Hong Kong from Aug 29 to 31, including champions in events such as diving, swimming and table tennis. (Photos: Adam Lam) #Paris2024 https://t.co/LcSZT",2024-08-29T08:19:08.312Z,https://bsky.app/profile/news-feed.bsky.social/post/3l2tskj72ya2s
afp-bot.bsky.social,"Novak Djokovic and Coco Gauff launch their US Open title defences on Monday, Serbian superstar Djokovic aiming to follow up his emotional Paris Olympics triumph with his first Grand Slam title of 2024 #AFPSports 
https://u.afp.com/5LUd",2024-08-26T17:39:09.060Z,https://bsky.app/profile/afp-bot.bsky.social/post/3l2nahf3s5a2a
euromaidanpress.bsky.social,"IOC's Russian ""neutral athlete"" policy implodes at 2024 Olympics. 

Tennis silver medalists Andreeva and Shnaider exposed as invasion supporters; 17 Russian athletes total violated neutrality rules. IOC must enforce a full Russian ban, argues @MTemnycky",2024-08-17T14:30:06.000Z,https://bsky.app/profile/euromaidanpress.bsky.social/post/3kzwc4zdikw2v
maladroithe.bsky.social,You just have to tell them there are no electric kettles in the Olympic village,2024-08-13T00:27:03.938Z,https://bsky.app/profile/maladroithe.bsky.social/post/3kzkqpnlrnu2w
llewcid.bsky.social,Would watch the fuck out of a show where they pitted these people against an Olympian,2024-08-12T13:57:30.994Z,https://bsky.app/profile/llewcid.bsky.social/post/3kzjnjwet5p2a
kaleidogames.com,"This is where the Paris 2024 #Olympics arcade Tennis #Gold medal was earned.
Wanna play this game?  Check SLAM AND ROLL.",2024-08-11T12:25:29.436Z,https://bsky.app/profile/kaleidogames.com/post/3kzgxwjtkqi2i
nowbreezing.ntw.app,"
Bluesky's Top 10 Trending Words from the Past 10 Minutes:
ï¸âš ï¸ğŸ’¨1 - lebron
ï¸âš ï¸ğŸ’¨1 - hacked
ï¸âš ï¸ğŸ’¨1 - yabusele
ï¸âš ï¸ğŸ’¨1 - nba
5th - basketball
6th - refs
7th - leak
8th - jordan
9th - ultra
10th - thunder
(tap/click to see all posts on Bluesky featuring that word!)

#FreePalestine ğŸ‡µğŸ‡¸",2024-08-10T20:20:34.024Z,https://bsky.app/profile/nowbreezing.ntw.app/post/3kzfbyzdsxw2k
nowbreezing.ntw.app,"
Bluesky's Top 10 Trending Words from the Past 10 Minutes:
ï¸âš ï¸ğŸ’¨1 - ãƒ–ãƒ¬ã‚¤ã‚­ãƒ³
ï¸âš ï¸ğŸ’¨1 - ã‚³ãƒŸã‚±
ï¸âš ï¸ğŸ’¨1 - helicopter
ï¸âš ï¸ğŸ’¨1 - gaza
5th - å°é¢¨
6th - ukraine
7th - å“çƒ
8th - ãƒ–ãƒ©
9th - ãƒãƒ¼ãƒˆ
10th - ãŠç›†
(tap/click to see all posts on Bluesky featuring that word!)

#Ğ¹Ğ¾Ğ±Ğ°Ğ½Ğ°Ñ€ÑƒÑĞ½Ñ ğŸ‡ºğŸ‡¦",2024-08-10T14:50:36.043Z,https://bsky.app/profile/nowbreezing.ntw.app/post/3kzepkyqjmn2x
chklaue.bsky.social,"ğŸ“Œ The Paris 2024 Olympians have elected 4 new members to IOC Athletesâ€™ Commission:

ğŸ”¹Allyson Felix (USA, Athletics)
ğŸ”¹Kim Bui (GER, Gymnastics)
ğŸ”¹Jessica Fox (AUS, Canoe)
ğŸ”¹Marcus Daniell (NZL, Tennis)

Their term is 8 years.

ğŸ‘‰ olympics.com/ioc/news/par...
#Olympics #Paris2024",2024-08-08T21:47:49.575Z,https://bsky.app/profile/chklaue.bsky.social/post/3kzafxaenrx2b
waldograce.bsky.social,"U.S. table tennis team has a moment in the spotlight, helped along by an All-Star fan
#Olympics
#NPR
https://www.npr.org/2024/08/07/g-s1-15647/table-tennis-olympics-lily-zhang-anthony-edwards",2024-08-08T00:18:53.000Z,https://bsky.app/profile/waldograce.bsky.social/post/3kz65wgws2n2r
blipsnewslinks.bsky.social,"BLIP'S 2024 OLYMPICS TIDBITS: AUGUST 7TH 2024

Several Runners Collide And Fall During Olympic Race... Olympic Table Tennis Competition Includes Sibling Pairs...  LA Watches And Prepares For 2028 Olympics
#Paris2024  #Olympics  #LA2028  

CHECK OUT blips.news FOR LINKS TO MORE OLYMPICS NEWS STORIES",2024-08-07T21:07:33.800Z,https://bsky.app/profile/blipsnewslinks.bsky.social/post/3kz5tadc3fc2c
news-feed.bsky.social,"@AFP: Olympics Topshots - 2.

@AFP photographers capture the action on Day 11 of the 2024 Paris #Olympics 

- Men's long jump final
- Women's freestyle 50kg wrestling quarter-final
- Menâ€™s formula kiteboarding event
- Women's table tennis doubles https://t.co/qGlCkxoHH2",2024-08-07T02:21:35.984Z,https://bsky.app/profile/news-feed.bsky.social/post/3kz3ucwjgts2z
wolfesghost.bsky.social,"""I remember '24 well, it was the year ol' Bumblecorn Cat's Nightmare took 3 gold and 1 silver. Incredible display of table tennis skills. Such a good boi.""

""Wait, you mean PRESIDENT Bumblecorn Cat's Nightmare was in the 2024 Olympics?!""",2024-08-06T16:03:18.628Z,https://bsky.app/profile/wolfesghost.bsky.social/post/3kz2rrdoyw22a
protik.bsky.social,StÃ¥r Fan Zhendong pÃ¥ hemsidan!,2024-08-05T19:01:06.945Z,https://bsky.app/profile/protik.bsky.social/post/3kyylafylfi2e
sketchynews.net,"[Associated Press]Zheng Qinwen wins China's first Olympic tennis singles gold, inspired by Li Na and Liu Xang - The Associated Press Zheng Qinwen has claimed Chinaâ€™s first tennis singles gold medal in Olympics history by defeating Donna Vekic of Croatia 6-2, 6-3 in the 2024 Summer Games womenâ€™s...",2024-08-05T15:00:38.341Z,https://bsky.app/profile/sketchynews.net/post/3kyy5se5ofq2i
news-feed.bsky.social,@LeMonde_EN: 2024 Olympics: Russians win first medal in Paris with women's tennis doubles https://t.co/fZsLkt6nZo,2024-08-05T01:57:40.210Z,https://bsky.app/profile/news-feed.bsky.social/post/3kyws2cm2g72i
protiv.osintukraine.com,Novak Djokovic wins Olympic gold for the first time in his career. Mirra Andreeva and Diana Schneider lose in the final of the tennis tournament. Paris 2024. Super short on what's happening at the Olympics,2024-08-04T18:41:20.215Z,https://bsky.app/profile/protiv.osintukraine.com/post/3kyvzo342mc2e
news-feed.bsky.social,"@globaltimesnews: Novak Djokovic defeated Carlos Alcaraz to win the gold medal in the menâ€™s tennis singles final of the Paris Olympics 2024 on Sunday local time, achieving his ""Golden Slam"" achievement.  https://t.co/r82KbrJAVQ https://t.co/Nz5KLlkr1H",2024-08-04T18:28:10.221Z,https://bsky.app/profile/news-feed.bsky.social/post/3kyvywjr3qr2e
globalvoters.bsky.social,"Tennis players Andreeva and Shnaider, competing on AIN team, are the first Russians to get a medal at the 2024 Olympics",2024-08-04T17:59:08.000Z,https://bsky.app/profile/globalvoters.bsky.social/post/3kyvxcn6h7c2l
sportrendy.bsky.social," Novak Djokovic, Olimpiyat ÅŸampiyonu sportrendy.blogspot.com/2024/08/nova... 
#ParisOlympics2024 ğŸ‡«ğŸ‡· #Paris2024 #Olympics #ParisOlympics #tennis #GOLD",2024-08-04T17:32:07.388Z,https://bsky.app/profile/sportrendy.bsky.social/post/3kyvvscucim2y
nowbreezing.ntw.app,"
Bluesky's Top 10 Trending Words from the Past 10 Minutes:
ï¸âš ï¸ğŸ’¨3 - faulkner
ï¸âš ï¸ğŸ’¨2 - ãƒ’ãƒ­
ï¸âš ï¸ğŸ’¨1 - cycling
ï¸âš ï¸ğŸ’¨1 - æœ¬èªŒ
ï¸âš ï¸ğŸ’¨1 - gaza
6th - å®Œçµ
7th - å €è¶Š
8th - f-16
9th - djokovic
10th - ãƒŸãƒ³ãƒˆ
(tap/click to see all posts on Bluesky featuring that word!)

#Ğ¹Ğ¾Ğ±Ğ°Ğ½Ğ°Ñ€ÑƒÑĞ½Ñ ğŸ‡ºğŸ‡¦",2024-08-04T16:10:18.910Z,https://bsky.app/profile/nowbreezing.ntw.app/post/3kyvr7ysxih2a
nowbreezing.ntw.app,"
Bluesky's Top 10 Trending Words from the Past 10 Minutes:
ï¸âš ï¸ğŸ’¨2 - ãƒ’ãƒ­
ï¸âš ï¸ğŸ’¨2 - æ¾å±±
ï¸âš ï¸ğŸ’¨2 - ãƒ¡ãƒ€ãƒ«
ï¸âš ï¸ğŸ’¨1 - sparta
ï¸âš ï¸ğŸ’¨1 - ã‚´ãƒ«ãƒ•
ï¸âš ï¸ğŸ’¨1 - thiel
ï¸âš ï¸ğŸ’¨1 - shingles
ï¸âš ï¸ğŸ’¨1 - æœ¬èªŒ
9th - è‹±æ¨¹
10th - ç¢ºå®š
(tap/click to see all posts on Bluesky featuring that word!)

#ListenToBlackVoices",2024-08-04T15:40:18.809Z,https://bsky.app/profile/nowbreezing.ntw.app/post/3kyvpkdzbp72c
zimmermanv66.bsky.social,2024 Olympics live updates: Suni Lee takes bronze on uneven bars; Novak Djokovic wins first gold in tennis www.nbcnews.com/sports/olymp...,2024-08-04T15:33:57.646Z,https://bsky.app/profile/zimmermanv66.bsky.social/post/3kyvp6zu5xs2q
news-feed.bsky.social,"@guardian: Paris 2024 Olympics day nine: Djokovic beats Alcaraz in tennis final, Rutter wins shooting silver as Hepworth claims vaulting bronze â€“ live https://t.co/sfqCR9Hxps",2024-08-04T15:18:50.201Z,https://bsky.app/profile/news-feed.bsky.social/post/3kyvodxyodl2w
nowbreezing.ntw.app,"
Bluesky's Top 10 Trending Words from the Past 10 Minutes:
ï¸âš ï¸ğŸ’¨4 - djokovic
ï¸âš ï¸ğŸ’¨2 - ãƒ’ãƒ­
ï¸âš ï¸ğŸ’¨1 - alcaraz
ï¸âš ï¸ğŸ’¨1 - novak
ï¸âš ï¸ğŸ’¨1 - iq
ï¸âš ï¸ğŸ’¨1 - tennis
ï¸âš ï¸ğŸ’¨1 - gifted
ï¸âš ï¸ğŸ’¨1 - thiel
9th - ã‚¸ãƒ§ã‚³ãƒ“ãƒƒãƒ
10th - aug
(tap/click to see all posts on Bluesky featuring that word!)

#Ğ¹Ğ¾Ğ±Ğ°Ğ½Ğ°Ñ€ÑƒÑĞ½Ñ ğŸ‡ºğŸ‡¦",2024-08-04T15:10:19.310Z,https://bsky.app/profile/nowbreezing.ntw.app/post/3kyvnupxjfs24
byteseu.bsky.social,"Table tennis (M): FÃ©lix Lebrun crushes Hugo Calderano and wins bronze at the Paris 2024 Olympics

https://www.byteseu.com/311313/

Table tennis (M): FÃ©lix Lebrun crushes Hugo Calderano and wins bronze at the Paris 2024 Olympics â€¦",2024-08-04T14:00:17.000Z,https://bsky.app/profile/byteseu.bsky.social/post/3kyvjxm3gli2v
nowbreezing.ntw.app,"
Bluesky's Top 10 Trending Words from the Past 10 Minutes:
ï¸âš ï¸ğŸ’¨1 - ã‚¨ãƒ¬
2nd - ãŠç›†
3rd - æœ¬èªŒ
4th - kayak
5th - é…å¸ƒ
6th - æ·±ã
7th - æ°´ç€
8th - ãƒ¢ãƒãƒ¼ãƒ•
9th - ãƒ’ãƒ­
10th - ã‚·ãƒ¼ãƒˆ
(tap/click to see all posts on Bluesky featuring that word!)

#ListenToBlackVoices",2024-08-04T13:40:16.910Z,https://bsky.app/profile/nowbreezing.ntw.app/post/3kyvitpqdig2o
australia.theguardian.com,"Paris 2024 Olympics day nine: athletics, tennis, golf, dressage and more â€“ live",2024-08-04T09:04:09.277Z,https://bsky.app/profile/australia.theguardian.com/post/3kyuzfyhtcb2i
news-feed.bsky.social,"@guardian: Paris 2024 Olympics day nine: athletics, tennis, golf, dressage and more â€“ live https://t.co/stLOilfEu8",2024-08-04T07:37:17.616Z,https://bsky.app/profile/news-feed.bsky.social/post/3kyuukobydl2g
news-feed.bsky.social,"@guardian: Paris 2024 Olympics day nine: athletics, tennis, golf, dressage and more â€“ live https://t.co/CcNushR0cd",2024-08-04T06:41:02.274Z,https://bsky.app/profile/news-feed.bsky.social/post/3kyurg3d2o32w
news-feed.bsky.social,"@guardiannews: Paris 2024 Olympics day nine: athletics, tennis, golf, dressage and more â€“ live https://t.co/7rDGHLB2Ch",2024-08-04T05:28:12.229Z,https://bsky.app/profile/news-feed.bsky.social/post/3kyundtq2h32g
news-feed.bsky.social,"@XHNews: China's tennis ace Zheng Qinwen became the first Asian player winning the women's singles gold at the Olympics, while Julien Alfred of Saint Lucia won the country's first Olympic medal after taking the women's 100m title at Paris 2024 on Saturday. #Xinhuanews https://t.co/7wEknwkBrZ",2024-08-04T03:27:08.451Z,https://bsky.app/profile/news-feed.bsky.social/post/3kyuglegold2j
nowbreezing.ntw.app,"
Bluesky's Top 10 Trending Words from the Past 10 Minutes:
ï¸âš ï¸ğŸ’¨2 - ledecky
ï¸âš ï¸ğŸ’¨2 - alfred
ï¸âš ï¸ğŸ’¨1 - lucia
ï¸âš ï¸ğŸ’¨1 - julien
ï¸âš ï¸ğŸ’¨1 - katie
ï¸âš ï¸ğŸ’¨1 - medal
ï¸âš ï¸ğŸ’¨1 - saint
ï¸âš ï¸ğŸ’¨1 - 100m
ï¸âš ï¸ğŸ’¨1 - richardson
10th - sha'carri
(tap/click to see all posts on Bluesky featuring that word!)

#FreePalestine ğŸ‡µğŸ‡¸",2024-08-03T19:40:34.457Z,https://bsky.app/profile/nowbreezing.ntw.app/post/3kytmj3asow2o
nowbreezing.ntw.app,"
Bluesky's Top 10 Trending Words from the Past 10 Minutes:
1st - aug
2nd - 03
3rd - èŠ±ç«
4th - agrees
5th - é•·å²¡
6th - ã‚ˆã
7th - ãªã§
8th - tver
9th - tomatoes
10th - salto
(tap/click to see all posts on Bluesky featuring that word!)

#ListenToBlackVoices",2024-08-03T13:40:36.577Z,https://bsky.app/profile/nowbreezing.ntw.app/post/3kysyffw6ok2a
teapot37.bsky.social,"Itâ€™s Tennis Night in America^h^h^h^h^h^h^hParis!  The Aussies took gold in menâ€™s doubles earlier over the US, but a different American team is currently leading in the bronze bout.  Later will be the womenâ€™s singles gold match and the menâ€™s singles bronze.",2024-08-03T13:31:33.492Z,https://bsky.app/profile/teapot37.bsky.social/post/3kysxva2rhi2r
news-feed.bsky.social,@anadoluagency: Djokovic to face Alcaraz in men's singles tennis final at 2024 Paris Olympics https://t.co/Ql4IrmJ7n3 https://t.co/7cd2zjd9pj,2024-08-03T06:50:40.742Z,https://bsky.app/profile/news-feed.bsky.social/post/3kysbifjmvj2v
nowbreezing.ntw.app,"
Bluesky's Top 10 Trending Words from the Past 10 Minutes:
ï¸âš ï¸ğŸ’¨1 - transphobia
ï¸âš ï¸ğŸ’¨1 - kyle
ï¸âš ï¸ğŸ’¨1 - æ±ºå‹
4th - æº–ã€…
5th - medalha
6th - boxing
7th - ouro
8th - men's
9th - é€²å‡º
10th - schlaf
(tap/click to see all posts on Bluesky featuring that word!)

#FreePalestine ğŸ‡µğŸ‡¸",2024-08-02T21:00:34.267Z,https://bsky.app/profile/nowbreezing.ntw.app/post/3kyraj7ar2i2c
sportrendy.bsky.social,"Teniste finalin adÄ± belli oldu sportrendy.blogspot.com/2024/08/teni... 
#ParisOlympics2024 ğŸ‡«ğŸ‡· #Paris2024 #Olympics #ParisOlympics #tennis",2024-08-02T20:48:51.373Z,https://bsky.app/profile/sportrendy.bsky.social/post/3kyr7ucf2xm24
nowbreezing.ntw.app,"
Bluesky's Top 10 Trending Words from the Past 10 Minutes:
ï¸âš ï¸ğŸ’¨1 - transphobia
2nd - walz
3rd - watches
4th - transphobic
5th - rowling
6th - childless
7th - boxing
8th - adoption
9th - ups
10th - terf
(tap/click to see all posts on Bluesky featuring that word!)

#Ğ¹Ğ¾Ğ±Ğ°Ğ½Ğ°Ñ€ÑƒÑĞ½Ñ ğŸ‡ºğŸ‡¦",2024-08-02T20:40:33.267Z,https://bsky.app/profile/nowbreezing.ntw.app/post/3kyr7ffuzkw2y
protiv.osintukraine.com,Mirra Andreeva and Diana Schneider reach the tennis final: the Russians will definitely have a medal. A runner from Afghanistan sends a message to the Taliban. Paris 2024. Super short on what's happening at the Olympics,2024-08-02T19:31:03.675Z,https://bsky.app/profile/protiv.osintukraine.com/post/3kyr3j5glps23
emarktaylor.mastodon.online.ap.brid.gy,#Olympics #Paris2024 @olympicschat ğŸ¾ #Tennis @tennis,2024-08-02T19:21:13.000Z,https://bsky.app/profile/emarktaylor.mastodon.online.ap.brid.gy/post/3kyr2xyx6gv42
nowbreezing.ntw.app,"
Bluesky's Top 10 Trending Words from the Past 10 Minutes:
ï¸âš ï¸ğŸ’¨1 - transphobia
ï¸âš ï¸ğŸ’¨1 - shapiro
3rd - athlete
4th - flav
5th - ç…§æ˜
6th - tucker
7th - terfs
8th - misogyny
9th - medal
10th - fridge
(tap/click to see all posts on Bluesky featuring that word!)

#Ğ¹Ğ¾Ğ±Ğ°Ğ½Ğ°Ñ€ÑƒÑĞ½Ñ ğŸ‡ºğŸ‡¦",2024-08-02T19:10:32.659Z,https://bsky.app/profile/nowbreezing.ntw.app/post/3kyr2ehhgfk2o
news-feed.bsky.social,@AP: Iga Swiatek wins a bronze at the 2024 Olympics for Poland's first tennis medal at any Summer Games https://t.co/d51QELEwz2,2024-08-02T18:42:24.116Z,https://bsky.app/profile/news-feed.bsky.social/post/3kyqys565rk2f
sportrendy.bsky.social,"Tek kadÄ±nlarda bronz madalyanÄ±n sahibi Iga Swiatek sportrendy.blogspot.com/2024/08/tek-... 
#ParisOlympics2024 ğŸ‡«ğŸ‡· #Paris2024 #Olympics #ParisOlympics #Tennis",2024-08-02T18:26:46.668Z,https://bsky.app/profile/sportrendy.bsky.social/post/3kyqxwaqc6s2i
nowbreezing.ntw.app,"
Bluesky's Top 10 Trending Words from the Past 10 Minutes:
ï¸âš ï¸ğŸ’¨1 - ãƒãƒ‹ãƒ¼
ï¸âš ï¸ğŸ’¨1 - ã‚µãƒƒã‚«ãƒ¼
ï¸âš ï¸ğŸ’¨1 - ouro
ï¸âš ï¸ğŸ’¨1 - kyle
ï¸âš ï¸ğŸ’¨1 - athletes
6th - ã‚¹ãƒšã‚¤ãƒ³
7th - shapiro
8th - rittenhouse
9th - bread
10th - bia
(tap/click to see all posts on Bluesky featuring that word!)

#ListenToBlackVoices",2024-08-02T17:20:32.859Z,https://bsky.app/profile/nowbreezing.ntw.app/post/3kyqu7rfk7z2i
nowbreezing.ntw.app,"
Bluesky's Top 10 Trending Words from the Past 10 Minutes:
ï¸âš ï¸ğŸ’¨2 - informer
ï¸âš ï¸ğŸ’¨1 - bia
ï¸âš ï¸ğŸ’¨1 - ãƒãƒ‹ãƒ¼
ï¸âš ï¸ğŸ’¨1 - ouro
ï¸âš ï¸ğŸ’¨1 - boxing
ï¸âš ï¸ğŸ’¨1 - vacaciones
ï¸âš ï¸ğŸ’¨1 - souza
8th - å¯©åˆ¤
9th - ã‚µãƒƒã‚«ãƒ¼
10th - swap
(tap/click to see all posts on Bluesky featuring that word!)

#ListenToBlackVoices",2024-08-02T16:40:33.217Z,https://bsky.app/profile/nowbreezing.ntw.app/post/3kyqryawhn22e
nowbreezing.ntw.app,"
Bluesky's Top 10 Trending Words from the Past 10 Minutes:
ï¸âš ï¸ğŸ’¨2 - ãƒãƒ‹ãƒ¼
ï¸âš ï¸ğŸ’¨1 - penalty
ï¸âš ï¸ğŸ’¨1 - boxing
ï¸âš ï¸ğŸ’¨1 - boxer
ï¸âš ï¸ğŸ’¨1 - athletes
ï¸âš ï¸ğŸ’¨1 - shapiro
7th - truls
8th - pixiv
9th - aug
10th - ãƒãƒ¼ãƒ‰
(tap/click to see all posts on Bluesky featuring that word!)

#Ğ¹Ğ¾Ğ±Ğ°Ğ½Ğ°Ñ€ÑƒÑĞ½Ñ ğŸ‡ºğŸ‡¦",2024-08-02T13:40:40.534Z,https://bsky.app/profile/nowbreezing.ntw.app/post/3kyqhwm7pbv2h
nowbreezing.ntw.app,"
Bluesky's Top 10 Trending Words from the Past 10 Minutes:
ï¸âš ï¸ğŸ’¨3 - ãƒãƒ‹ãƒ¼
ï¸âš ï¸ğŸ’¨1 - 8/2
3rd - ã†ã•ã
4th - ãƒ’ãƒ­
5th - ãŠç›†
6th - shapiro
7th - medal
8th - biles
9th - 1,140
10th - å¸‚å ´
(tap/click to see all posts on Bluesky featuring that word!)

#ListenToBlackVoices",2024-08-02T13:10:41.645Z,https://bsky.app/profile/nowbreezing.ntw.app/post/3kyqgayo3pc24
bbcnews-uk-rss.bsky.social,Paris 2024 Olympics: Andy Murray's tennis career over after doubles defeat,2024-08-02T05:47:37.068Z,https://bsky.app/profile/bbcnews-uk-rss.bsky.social/post/3kypnipt5262b
gawdz0rz.bsky.social,alt4you,2024-08-02T00:40:39.756Z,https://bsky.app/profile/gawdz0rz.bsky.social/post/3kyp4dtj5md2u
nowbreezing.ntw.app,"
Bluesky's Top 10 Trending Words from the Past 10 Minutes:
ï¸âš ï¸ğŸ’¨1 - ãƒãƒ‹ãƒ¼
ï¸âš ï¸ğŸ’¨1 - khelif
ï¸âš ï¸ğŸ’¨1 - é‡‘æ›œæ—¥
ï¸âš ï¸ğŸ’¨1 - tale
5th - shapiro
6th - imane
7th - boxing
8th - medals
9th - jk
10th - boxer
(tap/click to see all posts on Bluesky featuring that word!)

#ListenToBlackVoices",2024-08-01T22:10:44.275Z,https://bsky.app/profile/nowbreezing.ntw.app/post/3kyotxqrawb2q
globalvoters.bsky.social,The moment Murray's tennis career came to an end: Watch the moment Andy Murray's tennis career ends as he and Dan Evans are beaten by USA's Tommy Paul and Taylor Fritz in the men's doubles on day six of the Paris 2024 Olympics.,2024-08-01T21:49:36.000Z,https://bsky.app/profile/globalvoters.bsky.social/post/3kyosrxi6722y
afp-bot.bsky.social,"From #AFPSports: Andy Murray's trophy-filled career came to an end at the Paris Olympics on Thursday as another chapter closed on tennis's golden generation. â¤µï¸
https://u.afp.com/52fU",2024-08-01T20:48:15.138Z,https://bsky.app/profile/afp-bot.bsky.social/post/3kyopeobkld26
nowbreezing.ntw.app,"
Bluesky's Top 10 Trending Words from the Past 10 Minutes:
ï¸âš ï¸ğŸ’¨1 - boxing
ï¸âš ï¸ğŸ’¨1 - revenue
ï¸âš ï¸ğŸ’¨1 - boxer
4th - simone
5th - jk
6th - schlaf
7th - expectations
8th - athletes
9th - women's
10th - walz
(tap/click to see all posts on Bluesky featuring that word!)

#FreePalestine ğŸ‡µğŸ‡¸",2024-08-01T20:40:38.574Z,https://bsky.app/profile/nowbreezing.ntw.app/post/3kyoowni7532c
nowbreezing.ntw.app,"
Bluesky's Top 10 Trending Words from the Past 10 Minutes:
ï¸âš ï¸ğŸ’¨1 - andy
2nd - vaccine
3rd - godot
4th - biles
5th - simone
6th - fencing
7th - quiero
8th - pepper
9th - mile
10th - medal
(tap/click to see all posts on Bluesky featuring that word!)

#FreePalestine ğŸ‡µğŸ‡¸",2024-08-01T19:40:37.928Z,https://bsky.app/profile/nowbreezing.ntw.app/post/3kyolldnabp26
nowbreezing.ntw.app,"
Bluesky's Top 10 Trending Words from the Past 10 Minutes:
ï¸âš ï¸ğŸ’¨1 - kosa
ï¸âš ï¸ğŸ’¨1 - gershkovich
ï¸âš ï¸ğŸ’¨1 - evan
ï¸âš ï¸ğŸ’¨1 - prisoner
ï¸âš ï¸ğŸ’¨1 - neil
6th - indian
7th - campus
8th - aug
9th - åœ°éœ‡
10th - whelan
(tap/click to see all posts on Bluesky featuring that word!)

#Ğ¹Ğ¾Ğ±Ğ°Ğ½Ğ°Ñ€ÑƒÑĞ½Ñ ğŸ‡ºğŸ‡¦",2024-08-01T15:00:37.666Z,https://bsky.app/profile/nowbreezing.ntw.app/post/3kyo3wnnrkv2l
afp-bot.bsky.social,BREAKING Lorenzo Musetti knocks defending tennis champion Alexander Zverev out of #Olympics #Paris2024,2024-08-01T14:58:26.139Z,https://bsky.app/profile/afp-bot.bsky.social/post/3kyo3szvdi62f
nowbreezing.ntw.app,"
Bluesky's Top 10 Trending Words from the Past 10 Minutes:
ï¸âš ï¸ğŸ’¨2 - kosa
ï¸âš ï¸ğŸ’¨1 - gershkovich
ï¸âš ï¸ğŸ’¨1 - evan
ï¸âš ï¸ğŸ’¨1 - prisoner
ï¸âš ï¸ğŸ’¨1 - ãŠã£ã±ã„
ï¸âš ï¸ğŸ’¨1 - whelan
ï¸âš ï¸ğŸ’¨1 - deny
8th - toast
9th - indian
10th - swap
(tap/click to see all posts on Bluesky featuring that word!)

#Ğ¹Ğ¾Ğ±Ğ°Ğ½Ğ°Ñ€ÑƒÑĞ½Ñ ğŸ‡ºğŸ‡¦",2024-08-01T14:40:39.770Z,https://bsky.app/profile/nowbreezing.ntw.app/post/3kyo2sxauav23
globalvoters.bsky.social,"Paris Olympics live updates: Swimming schedule today, how to watch, medal count - USA TODAY: * Paris Olympics live updates: Swimming schedule today, how to watch, medal countÂ Â USA TODAY
 * Aug. 1 Olympics schedule: Golf, track & field, tennisÂ Â ESPN
 * 2024 Paris Olympics live updates: Track andâ€¦",2024-08-01T13:26:06.000Z,https://bsky.app/profile/globalvoters.bsky.social/post/3kynwnngssc2v
protiv.osintukraine.com,"Russian tennis players lose, while a swimmer from France takes two golds in one day. Paris 2024. Super short on what's happening at the Olympics",2024-08-01T12:21:28.774Z,https://bsky.app/profile/protiv.osintukraine.com/post/3kynt234by524
nowbreezing.ntw.app,"
Bluesky's Top 10 Trending Words from the Past 10 Minutes:
ï¸âš ï¸ğŸ’¨2 - ç”²å­åœ’
ï¸âš ï¸ğŸ’¨1 - prisoner
ï¸âš ï¸ğŸ’¨1 - å·¨äºº
ï¸âš ï¸ğŸ’¨1 - gershkovich
ï¸âš ï¸ğŸ’¨1 - swap
ï¸âš ï¸ğŸ’¨1 - evan
ï¸âš ï¸ğŸ’¨1 - é€£å‹
ï¸âš ï¸ğŸ’¨1 - ã¨ã‚‰
ï¸âš ï¸ğŸ’¨1 - ã‚¿ãƒ†
10th - äº”è¼ª
(tap/click to see all posts on Bluesky featuring that word!)

#FreePalestine ğŸ‡µğŸ‡¸",2024-08-01T12:10:41.530Z,https://bsky.app/profile/nowbreezing.ntw.app/post/3kynsgrus772c
sportrendy.bsky.social," Paris 2024'te turlayan raketler sportrendy.blogspot.com/2024/08/pari... 
#ParisOlympics2024 #Paris2024 ğŸ‡«ğŸ‡· #Olympics #ParisOlympics #tennis",2024-08-01T10:26:55.445Z,https://bsky.app/profile/sportrendy.bsky.social/post/3kynmna5gq22c
news-feed.bsky.social,"@guardiannews: Paris 2024 Olympics day six: golf, rowing, tennis, gymnastics and more â€“ live https://t.co/eHdYMQqOcj",2024-08-01T04:27:33.765Z,https://bsky.app/profile/news-feed.bsky.social/post/3kymykngac32q
blipsnewslinks.bsky.social,"BLIP'S 2024 OLYMPICS TIDBITS: JULY 31ST 2024

Olympic Triathlon Competitions Take Place In Seine River... North And South Korea Table Tennis Teams Take Selfie Together...  What Is The Monetary Value Of An Olympic Gold Medal?

#Paris2024 #Olympics

CHECK OUT blips.news",2024-07-31T19:39:48.237Z,https://bsky.app/profile/blipsnewslinks.bsky.social/post/3kym32xkizk2q
globalvoters.bsky.social,"USA's Danielle Collins has heated exchange with Iga Swiatek after bowing out of Olympic match: American tennis star Danielle Collins bowed out of her womenâ€™s singles match against Polandâ€™s Iga Swiatek, knocking her out of medal contention at the 2024 Paris Olympics on Wednesday afternoon.Â 

Butâ€¦",2024-07-31T19:09:27.000Z,https://bsky.app/profile/globalvoters.bsky.social/post/3kylzeoikzk2y
nowbreezing.ntw.app,"
Bluesky's Top 10 Trending Words from the Past 10 Minutes:
ï¸âš ï¸ğŸ’¨1 - ç”Ÿèª•
ï¸âš ï¸ğŸ’¨1 - ï¼˜æœˆ
ï¸âš ï¸ğŸ’¨1 - åƒå¥ˆ
ï¸âš ï¸ğŸ’¨1 - æ˜Ÿé‡
5th - ï½µï½²ï½¼ï½®
6th - èª•ç”Ÿ
7th - walz
8th - 2024-07-31
9th - å…«æœˆ
10th - ãŠç¥ã„
(tap/click to see all posts on Bluesky featuring that word!)

#FreePalestine ğŸ‡µğŸ‡¸",2024-07-31T15:10:38.159Z,https://bsky.app/profile/nowbreezing.ntw.app/post/3kyllzmuqdv2a
betftw.bsky.social,"#Olympic tennis fans rallied behind a teary-eyed Coco Gauff after a bad call led to heated exchange with umpire

#Olympics #Tennis #Paris2024 

ftw.usatoday.com/2024/07/coco...",2024-07-31T14:36:07.303Z,https://bsky.app/profile/betftw.bsky.social/post/3kylk3vzeds2j
nowbreezing.ntw.app,"
Bluesky's Top 10 Trending Words from the Past 10 Minutes:
ï¸âš ï¸ğŸ’¨1 - shapiro
ï¸âš ï¸ğŸ’¨1 - palin
ï¸âš ï¸ğŸ’¨1 - gaza
4th - è±ªé›¨
5th - hump
6th - haniyeh
7th - messaging
8th - appliances
9th - é–ƒè¼
10th - æ°´æ›œæ—¥
(tap/click to see all posts on Bluesky featuring that word!)

#Ğ¹Ğ¾Ğ±Ğ°Ğ½Ğ°Ñ€ÑƒÑĞ½Ñ ğŸ‡ºğŸ‡¦",2024-07-31T14:30:38.177Z,https://bsky.app/profile/nowbreezing.ntw.app/post/3kyljs432x22e
nowbreezing.ntw.app,"
Bluesky's Top 10 Trending Words from the Past 10 Minutes:
ï¸âš ï¸ğŸ’¨1 - è±ªé›¨
ï¸âš ï¸ğŸ’¨1 - å¤§é›¨
ï¸âš ï¸ğŸ’¨1 - haniyeh
ï¸âš ï¸ğŸ’¨1 - é™ã£
5th - å¸°ã‚Œ
6th - é›·é›¨
7th - ã‚²ãƒªãƒ©
8th - iran
9th - èµ°ã‚‹
10th - åœŸç ‚é™ã‚Š
(tap/click to see all posts on Bluesky featuring that word!)

#FreePalestine ğŸ‡µğŸ‡¸",2024-07-31T10:10:39.584Z,https://bsky.app/profile/nowbreezing.ntw.app/post/3kyl3ba3vtj2q
emmadelay.bsky.social,"Who are the members of the US Olympic Tennis Team 2024?

#Olympics #Tennis #OlympicGames #Olympics2024Paris #ParisOlympics2024 #gameshow #Paris2024EnTelevisa 

www.sportstodaynews.com/tennis/us-ol...",2024-07-31T10:00:03.646Z,https://bsky.app/profile/emmadelay.bsky.social/post/3kyl2ocgduk2n
nowbreezing.ntw.app,"
Bluesky's Top 10 Trending Words from the Past 10 Minutes:
ï¸âš ï¸ğŸ’¨1 - kosa
2nd - walz
3rd - shapiro
4th - venezuela
5th - å¯©åˆ¤
6th - pam
7th - nbc
8th - ä½“æ“
9th - syndrome
10th - swimming
(tap/click to see all posts on Bluesky featuring that word!)

#FreePalestine ğŸ‡µğŸ‡¸",2024-07-31T01:10:36.636Z,https://bsky.app/profile/nowbreezing.ntw.app/post/3kyk53kamr22c
nowbreezing.ntw.app,"
Bluesky's Top 10 Trending Words from the Past 10 Minutes:
ï¸âš ï¸ğŸ’¨1 - simone
ï¸âš ï¸ğŸ’¨1 - creepy
3rd - walz
4th - biles
5th - schlaf
6th - medal
7th - kink
8th - åœ°éœ‡
9th - weirdos
10th - slur
(tap/click to see all posts on Bluesky featuring that word!)

#FreePalestine ğŸ‡µğŸ‡¸",2024-07-30T20:20:34.926Z,https://bsky.app/profile/nowbreezing.ntw.app/post/3kyjmuwofrg2j
buffa-channel.bsky.social,"ã€ãƒ†ãƒ‹ã‚¹ã€‘ä¸–ç•Œ2ä½C.ã‚¬ã‚¦ãƒ•ãŒç–‘æƒ‘ã®åˆ¤å®šã«æ¶™ã®çŒ›æŠ—è­°ã‚‚è¦†ã‚‰ãš3å›æˆ¦æ•—é€€ã€ãƒ‘ãƒªäº”è¼ªã€‘
buffa-channel.com/archives/194...

#ã‚¬ã‚¦ãƒ• #Gauff #ãƒ†ãƒ‹ã‚¹ #Tennis #ç–‘æƒ‘ã®åˆ¤å®š #äº”è¼ª #Olympics #ãƒ‘ãƒª2024 #ã‚ªãƒªãƒ³ãƒ”ãƒƒã‚¯",2024-07-30T15:42:11.563Z,https://bsky.app/profile/buffa-channel.bsky.social/post/3kyj5d6qpet25
globalvoters.bsky.social,"Coco Gauff ousted at Paris Olympics in third round match marred by controversial call - USA TODAY: * Coco Gauff ousted at Paris Olympics in third round match marred by controversial callÂ Â USA TODAY
 * 2024 Paris Olympics live updates: Team USA's Coco Gauff knocked out of women's tennis singlesÂ Â NBCâ€¦",2024-07-30T13:27:27.000Z,https://bsky.app/profile/globalvoters.bsky.social/post/3kyivsa7ltx2j
betftw.bsky.social,"#Olympic tennis fans rallied behind a teary-eyed Coco Gauff after a bad call led to heated exchange with umpire

#Olympics #PARIS2024 #Tennis #CocoGauff 

ftw.usatoday.com/2024/07/coco...",2024-07-30T13:18:58.120Z,https://bsky.app/profile/betftw.bsky.social/post/3kyivczwils25
nowbreezing.ntw.app,"
Bluesky's Top 10 Trending Words from the Past 10 Minutes:
ï¸âš ï¸ğŸ’¨1 - supper
ï¸âš ï¸ğŸ’¨1 - mocking
3rd - ãƒªãƒ¡ã‚¤ã‚¯
4th - expansion
5th - ãã¾
6th - stalin
7th - ã‚¢ãƒƒãƒ—ãƒ‡ãƒ¼ãƒˆ
8th - southport
9th - marriage
10th - georgia
(tap/click to see all posts on Bluesky featuring that word!)

#ListenToBlackVoices",2024-07-30T13:10:40.881Z,https://bsky.app/profile/nowbreezing.ntw.app/post/3kyiuu7knks2j
euromaidanpress.bsky.social,"Elina Svitolina bounces back to defeat Jessica Pegula 2-1 in the 2024 Olympics tennis second round

After dropping the first set 3-6, Svitolina showed her fighting spirit to overcome the fifth seed. Next up is Wimbledon champ Krejcikova.",2024-07-30T07:30:00.000Z,https://bsky.app/profile/euromaidanpress.bsky.social/post/3kyicbf5t4324
benborges.xyz,"Ukraine at Olympics: Ukrainian athletes to compete in tennis, football, boxing on July 30: https://benborges.xyz/2024/07/30/083059.html",2024-07-30T06:30:59.000Z,https://bsky.app/profile/benborges.xyz/post/3kyicblfva42y
byteseu.bsky.social,"S. Korea Fails to Advance to Finals of Table Tennis Mixed Doubles Finals in Paris

https://www.byteseu.com/297825/

Photo : YONHAP News South Koreaâ€™s Lim Jong-hoon and Shin Yu-bin have failed to advance to table tennis mixed doubles finals in the Paris 2024 Olympics after being defeated by â€¦",2024-07-30T06:26:12.000Z,https://bsky.app/profile/byteseu.bsky.social/post/3kyi6b24ume2f
news-feed.bsky.social,"@KyivPost: ğŸ¾Ukrainian tennis player Elina #Svitolina defeated American Jessica Pegula (6-4, 1-6, 3-6) and advanced to the third round of the 2024 #Olympics.",2024-07-29T21:44:20.864Z,https://bsky.app/profile/news-feed.bsky.social/post/3kyhb3se3kr2x
acjsissons.bsky.social,We need to talk about how many swimming medals there are at the Olympics and how to reduce itâ€¦,2024-07-29T20:51:08.330Z,https://bsky.app/profile/acjsissons.bsky.social/post/3kyh64nr3hz2d
searyanc.dev,"2024: Summer Olympics (marathon, horses, bikes)
2025: Indoor Olympics (table tennis, gymnastics)
2026: Winter Olympics (ice and snow stuff)
2027: Nerd/STEM Olympics (chess, robot fights)",2024-07-29T17:22:27.880Z,https://bsky.app/profile/searyanc.dev/post/3kygshk5tbi2j
euwatch.live,Djokovic defeats Nadal in second round menâ€™s tennis singles at 2024 Paris Olympics,2024-07-29T17:15:00.356Z,https://bsky.app/profile/euwatch.live/post/3kygs26gxms24
news-feed.bsky.social,@euronews: Djokovic defeats Nadal in second round menâ€™s tennis singles at 2024 Paris Olympics https://t.co/g5RvUZYoJF https://t.co/L9qNfqoUZv,2024-07-29T16:29:57.451Z,https://bsky.app/profile/news-feed.bsky.social/post/3kygpjmsgpo2y
nowbreezing.ntw.app,"
Bluesky's Top 10 Trending Words from the Past 10 Minutes:
ï¸âš ï¸ğŸ’¨1 - weirdos
ï¸âš ï¸ğŸ’¨1 - 2024/07/29
ï¸âš ï¸ğŸ’¨1 - tiger
ï¸âš ï¸ğŸ’¨1 - aug
5th - æ—¥ä»˜
6th - williams
7th - weirdo
8th - olympic
9th - äº”è¼ª
10th - tennis
(tap/click to see all posts on Bluesky featuring that word!)

#ListenToBlackVoices",2024-07-29T15:10:49.377Z,https://bsky.app/profile/nowbreezing.ntw.app/post/3kygl44o4db2y
leemeade.bsky.social,"Andy Murray and a Madman Ending 
@Olympics #tennis 
popcorntennis.com/2024/07/29/a...",2024-07-29T12:30:11.583Z,https://bsky.app/profile/leemeade.bsky.social/post/3kygc4wbhf32j
emmadelay.bsky.social,"Mario and Sonic at the Paris 2024 Olympic Games Nintendo Switch Release Date

#Olympics #OlympicGames #OlympischeSpelen #OlympicOpeningCeremony #Olympics2024Paris #Olympia2024 #games #tennis #OlympicGamesParis2024 

www.asianewstimes.com/global/mario...",2024-07-29T10:47:56.057Z,https://bsky.app/profile/emmadelay.bsky.social/post/3kyg4g2kdey2k
news-feed.bsky.social,"@AFP: Olympics Topshots - 1.

@AFP photographers capture the action on Day 2 of the 2024 Paris #Olympics:

- Fencing at the Grand Palais
- Boxing at the North Paris Arena
- Surfing on the French Polynesian Island of Tahiti
- Table tennis at South Paris Arena https://t.co/1EajNyUnKP",2024-07-29T02:03:04.597Z,https://bsky.app/profile/news-feed.bsky.social/post/3kyf73jqhmh2y
news-feed.bsky.social,@guardian: Paris 2024 Olympics day two: Peaty shares 100m breaststroke silver after Murray keeps tennis career alive â€“ as it happened https://t.co/jTQYSdtDoZ,2024-07-29T01:54:32.658Z,https://bsky.app/profile/news-feed.bsky.social/post/3kyf6mbinqt26
ukrnws.bsky.social,"ğŸ“° Kalinina not to play in tennis tournament at 2024 Olympics

ğŸ”— https://www.ukrinform.net/rubric-sports/3889745-kalinina-not-to-play-in-tennis-tournament-at-2024-olympics.html

#News #RussianInvasion #RussianWar #Ukraine",2024-07-29T00:20:54.732Z,https://bsky.app/profile/ukrnws.bsky.social/post/3kyezetvvps2l
ukrnws.bsky.social,"ğŸ“° Ukrainian tennis player Daiana Yastremska wins in first round of 2024 Olympics

ğŸ”— https://www.pravda.com.ua/eng/news/2024/07/28/7467823/

#News #RussianInvasion #RussianWar #Ukraine",2024-07-28T21:42:48.125Z,https://bsky.app/profile/ukrnws.bsky.social/post/3kyeqk4rox72a
nowbreezing.ntw.app,"
Bluesky's Top 10 Trending Words from the Past 10 Minutes:
ï¸âš ï¸ğŸ’¨1 - rugby
2nd - horses
3rd - basketball
4th - olympics
5th - olympic
6th - nbc
7th - civility
8th - worker
9th - tÃªnis
10th - supported
(tap/click to see all posts on Bluesky featuring that word!)

#ListenToBlackVoices",2024-07-28T18:10:41.010Z,https://bsky.app/profile/nowbreezing.ntw.app/post/3kyeeosvdqy26
collectingall.bsky.social,"âˆ€ Olympic Women's Tennis 2024: Saturday Round of 64 Bracket Results, Scores, Reaction http://blog.collecti... #Tennis #Women39sTennis #SummerOlympics #BreakingNews #Olympics",2024-07-27T21:04:12.000Z,https://bsky.app/profile/collectingall.bsky.social/post/3kyc5w6ya5626
nowbreezing.ntw.app,"
Bluesky's Top 10 Trending Words from the Past 10 Minutes:
ï¸âš ï¸ğŸ’¨1 - volleyball
2nd - walz
3rd - tennis
4th - shapiro
5th - blank
6th - wolverine
7th - traurig
8th - schlaf
9th - olympics
10th - olympic
(tap/click to see all posts on Bluesky featuring that word!)

#ListenToBlackVoices",2024-07-27T20:30:37.051Z,https://bsky.app/profile/nowbreezing.ntw.app/post/3kyc424jldq2k
globalvoters.bsky.social,"Team USA wins first medals in 2024 Paris Olympics: NBC News' Tom Llamas recaps the first day of the 2024 Paris Olympics competition after the opening ceremony so far, including the first medal winners from Team USA and an upset by North Korea in table tennis.Â ",2024-07-27T19:12:35.000Z,https://bsky.app/profile/globalvoters.bsky.social/post/3kybxolvyuk23
